"conversation_id_str","created_at","favorite_count","full_text","id_str","image_url","in_reply_to_screen_name","lang","location","quote_count","reply_count","retweet_count","tweet_url","user_id_str","username"
"1789997817533964343","Mon May 13 12:35:10 +0000 2024","1","0008 ==¬ª¬ª pijat makassar pinggang dan punggung pegal berat efek kerja seharian?. Yuk pesan pijatku . Amanah dan ber-khasiat. Ô∏è 085757533397 Link https://t.co/JpE3C2yU3f #pijatmakassar #pijatsulsel #pijatmaros #pijatgowa #pijat #makassar #maros #gowa #pijatkendari #kendari https://t.co/VdHF2a1kwR","1789997817533964343","https://pbs.twimg.com/media/GNdZhK5aQAA-9U2.jpg","","in","","0","0","0","https://twitter.com/MassageINA01/status/1789997817533964343","1595383521161322501","MassageINA01"
"1789996560102662498","Mon May 13 12:30:11 +0000 2024","0","Bentuk Kepedulian antar sesama Lapas Perempuan Kelas III Kendari bekerjasama dengan Palang Merah Indonesia (PMI) Kota Kendari melaksanakan kegiatan Donor Darah Senin (13/05). https://t.co/1skZ6k67lo","1789996560102662498","https://pbs.twimg.com/media/GNdYYFabcAAvUQp.jpg","","in","Kendari, Indonesia","0","0","0","https://twitter.com/LPPKendari/status/1789996560102662498","1198763242354462720","LPPKendari"
"1789624163772362915","Mon May 13 12:11:24 +0000 2024","0","@BeeN4ya Asin kalo di kendari ","1789991833184985137","","BeeN4ya","in","Kota Kendari","0","0","0","https://twitter.com/iinonggg/status/1789991833184985137","218662032","iinonggg"
"1789974765320466533","Mon May 13 11:03:35 +0000 2024","0","Turut hadir Ketua DWP Kanwil Kemenag Prov.Sultra Ny.Nurna Saleh Plh.Kabid Penmad Kemenag Prov.Sultra Supriadi Kasi Penmad H. Natsir Sahabuddin Narasumber Talkshow Drg.Hikmah Noor perwakilan Dinas Ketahanan Pangan Prov.Sultra Dinas Kesehatan Kota Kendari Ketua Komite dll","1789974770194239782","","kendari_kemenag","in","Kota Kendari, Sulawesi Tenggar","0","0","0","https://twitter.com/kendari_kemenag/status/1789974770194239782","1556826506340356096","kendari_kemenag"
"1789974765320466533","Mon May 13 11:03:34 +0000 2024","0","Assalamu'alaikum #SahabatReligiSultra Kepala Kantor Kemenag Kota Kendari H.Muhammad Lalan Jaya menghadiri Pembukaan Expo Madrasah &amp; P5 PPA yang dibuka langsung oleh Ka.Kanwil Kemenag Prov.Sultra H.Muhammad Saleh di Halaman MTsN 1 Kendari Senin (13/05/2024). https://t.co/XMrqLu3uZB","1789974765320466533","https://pbs.twimg.com/media/GNdEjJ2bsAAUMlz.jpg","","in","Kota Kendari, Sulawesi Tenggar","0","1","0","https://twitter.com/kendari_kemenag/status/1789974765320466533","1556826506340356096","kendari_kemenag"
"1789970719192842647","Mon May 13 10:47:30 +0000 2024","0","Kepala Kantor Kemenag Kota Kendari H.Muhammad Lalan Jaya didampingi Kasi Penmad H. Natsir Sahabuddin dan Pengawas Jenjang (MI) membuka Asesmen Tingkat Satuan Pendidikan Madrasah Ibtidayah Negeri 1 Kota Kendari di Halaman MIN 1 Kendari Senin (13/05/2024). https://t.co/R1ONenARPt","1789970719192842647","https://pbs.twimg.com/media/GNdA1CjbEAAQTr7.jpg","","in","Kota Kendari, Sulawesi Tenggar","0","0","0","https://twitter.com/kendari_kemenag/status/1789970719192842647","1556826506340356096","kendari_kemenag"
"1789968584430510340","Mon May 13 10:39:01 +0000 2024","0","Untuk menjalin serta meningkatkan silahturahmi dengan komunitas senam zumba di Kota Kendari relawan calon Gubernur Sultra Lukman Abunawas menggelar senam zumba bertema Zumba Togetherness Minggu (12/5/2024). https://t.co/fnKB0PuwZu","1789968584430510340","","","in","Kota Kendari, Sulawesi Tenggar","0","0","0","https://twitter.com/Kendarinformasi/status/1789968584430510340","987881287896649728","Kendarinformasi"
"1789967494054051949","Mon May 13 10:34:41 +0000 2024","0","#SahabatReligiSultra Kepala Kantor Kementerian Agama Kota Kendari diwakili Ka Subbag. Tata Usaha Paharuddin memimpin Apel Pagi yang rutin dilaksanakan setiap hari senin sekaligus memberi pembinaan bagi ASN di Lingkungan Kantor Kemenag Kota Kendari Senin (13/5/2024) #kemenag_ri https://t.co/fOtWAtE6mU","1789967494054051949","https://pbs.twimg.com/media/GNc98r6akAApSnk.jpg","","in","Kota Kendari, Sulawesi Tenggar","0","0","0","https://twitter.com/kendari_kemenag/status/1789967494054051949","1556826506340356096","kendari_kemenag"
"1789956530323792203","Mon May 13 09:51:07 +0000 2024","0"," SEPEKAN KANTOR KEMENAG KOTA KENDARI Pekan Kedua Bulan Mei 2024 #SahabatReligiSultra #kemenag_ri #TransformasiLayananKemenag #KementerianSemuaAgama https://t.co/q9YMxjI8tr","1789956530323792203","https://pbs.twimg.com/ext_tw_video_thumb/1789956324404674560/pu/img/DZZSglFX3GfnCZXq.jpg","","in","Kota Kendari, Sulawesi Tenggar","0","0","0","https://twitter.com/kendari_kemenag/status/1789956530323792203","1556826506340356096","kendari_kemenag"
"1789955643345879462","Mon May 13 09:47:35 +0000 2024","0","Sekelompok warga menggelar demonstrasi di depan Universitas Muhammadiyah (UM) Kendari Senin (13/5/2024). Massa menuntut agar pengerjaan gedung di kampus itu dihentikan sebab diduga tidak menerapkan Keselamatan dan Kesehatan Kerja (K3). https://t.co/M3aQAKraYx","1789955643345879462","","","in","Kota Kendari, Sulawesi Tenggar","0","0","0","https://twitter.com/Kendarinformasi/status/1789955643345879462","987881287896649728","Kendarinformasi"
"1789940636713426965","Mon May 13 09:12:21 +0000 2024","0","@luckyhappyladyy masih tidur dia. lemes. sumber stres w hari ini. mau dibawa mudik lagi musim hujan sama banjir otw kendari. mau ditinggal jg w galau brutal.","1789946774716657984","","luckyhappyladyy","in","Kota Kendari, Sulawesi Tenggar","0","0","0","https://twitter.com/henimujaa/status/1789946774716657984","1625125946872434688","henimujaa"
"1789946256887836981","Mon May 13 09:10:17 +0000 2024","0","Sobat Humas Polri . . . Polda Nusa Tenggara Timur (NTT) telah menetapkan tujuh tersangka dalam kasus penyelundupan manusia dari Kendari Sulawesi Tenggara ke Australia melalui jalur laut wilayah hukum Polda NTT. https://t.co/uhsy71Nf93","1789946256887836981","https://pbs.twimg.com/media/GNcqmdObsAAhBGr.jpg","","in","Nusa Tenggara Timur, Indonesia","0","0","0","https://twitter.com/humas_polda_ntt/status/1789946256887836981","4667368345","humas_polda_ntt"
"1789940636713426965","Mon May 13 08:47:57 +0000 2024","0","barusan kejadian kucing kosan yg sering ku kasi makan lagi tidur di bawah pohon terus disambar biawak. mana dia emang lagi ga enak badan anjir lah pusing bgt ga ada vet deket gini di kampung. kalo lagi di kendari bisa langsung otw ke vet langganan https://t.co/AjQEpCPj8v","1789940636713426965","https://pbs.twimg.com/ext_tw_video_thumb/1789940598608404480/pu/img/waRvkNaoDKtNaCKC.jpg","","in","Kota Kendari, Sulawesi Tenggar","0","2","1","https://twitter.com/henimujaa/status/1789940636713426965","1625125946872434688","henimujaa"
"1789848125525442801","Mon May 13 08:34:04 +0000 2024","0","@Indaenda1 @tanyakanrl Ya Allah akhirnya. Kendari bagian mana kita?","1789937140450672747","","Indaenda1","in","","0","0","0","https://twitter.com/SoomanMenantu/status/1789937140450672747","1601082931677900801","SoomanMenantu"
"1789936700103577600","Mon May 13 08:32:19 +0000 2024","1","Momen Warga Kendari Lakukan Berbagai Cara Rebut Perhatian Jokowi demi Selfie ~N #Momen #Jokowi #Kendari #Selfie https://t.co/Nf9HAl0UaK","1789936700103577600","https://pbs.twimg.com/media/GNch3naboAAu2it.jpg","","in","Jakarta","2","0","1","https://twitter.com/kompascom/status/1789936700103577600","23343960","kompascom"
"1789932433992765616","Mon May 13 08:15:22 +0000 2024","0","#balihointer ICI Kendari","1789932433992765616","","","in","Jakarta ; Indonesia","0","0","0","https://twitter.com/watrodukuhsabil/status/1789932433992765616","225013150","watrodukuhsabil"
"1789931476487672256","Mon May 13 08:11:33 +0000 2024","3","1. Presiden Joko Widodo menyapa warga Kota Kendari Provinsi Sulawesi Tenggara di pusat perbelanjaan The Park pada Minggu malam (12/5). https://t.co/qHXSVQAC2R","1789931476487672256","https://pbs.twimg.com/media/GNcdHCcaoAAqnsP.jpg","","in","Jakarta Pusat, DKI Jakarta","0","4","1","https://twitter.com/KemensetnegRI/status/1789931476487672256","3522129133","KemensetnegRI"
"1789929685582778590","Mon May 13 08:04:26 +0000 2024","0","Seorang pendemo bernama Muh Itong Saputra ditodongkan pistol saat menggelar aksi unjuk rasa di Kantor PT Antam Kelurahan Mataiwoi Kecamatan Wuawua Kota Kendari Senin (13/5/2024). https://t.co/4wHoLA4JNr","1789929685582778590","","","in","Kota Kendari, Sulawesi Tenggar","0","0","0","https://twitter.com/Kendarinformasi/status/1789929685582778590","987881287896649728","Kendarinformasi"
"1789928654815813861","Mon May 13 08:00:21 +0000 2024","0","MENERIMA PIJAT ++ DAERAH KENDARI INCALL / OUTCALL COD / BAYAR DI TEMPAT CEK WA DI BIO #pijatkendari #pijatpriakendari #gaykendari #BOkendari #gigolokendari https://t.co/34RlEmbyCC","1789928654815813861","https://pbs.twimg.com/media/GNcanszaUAA7KTS.jpg","","in","","0","0","0","https://twitter.com/Sisilia98784218/status/1789928654815813861","1762444521902927872","Sisilia98784218"
"1789810825424929063","Mon May 13 07:34:50 +0000 2024","0","@republikaonline Postingan Provokator pemecah belah umat Islam jgn dihiraukan salafi NU Muhammadiyah itu ajarannya Alquran dan Sunnah. Ga ada masalah yg masalah bagi org2 yg dungu ga mau blajar agama.","1789922232598184063","","republikaonline","in","","0","0","0","https://twitter.com/AdalahKendari/status/1789922232598184063","1581872039333613569","AdalahKendari"
"1789918893605109903","Mon May 13 07:21:33 +0000 2024","3","Minggu Malam Presiden Jokowi Sapa Warga Kendari Kendari 12 Mei 2024 https://t.co/tUt1OHKpzX","1789918893605109903","https://pbs.twimg.com/ext_tw_video_thumb/1789918621197819904/pu/img/UEzboEun6jYT6rcr.jpg","","in","","0","0","0","https://twitter.com/KerjaHasil_id/status/1789918893605109903","1405723264710709248","KerjaHasil_id"
"1758290260986036624","Mon May 13 06:53:47 +0000 2024","0","@gibran_tweet https://t.co/Av2jKhnER8 @jokowi @gibran_tweet tolong pak kebetulan lagi berkunjung di Kendari ini daerah di Kendari di Konawe Utara bupati sama Pemda setempat tutup telinga pak ","1789911902081913013","","Wijaya2333367","in","","0","0","0","https://twitter.com/Wijaya2333367/status/1789911902081913013","1385364900063547395","Wijaya2333367"
"1789911239788838979","Mon May 13 06:51:09 +0000 2024","1","*Presiden Jokowi Sapa Warga Kendari dan Santap Nasi Goreng* *BACA SELENGKAPNYA DISINI*‚§µÔ∏è‚§µÔ∏è https://t.co/VvTfYhqM5f","1789911239788838979","","","in","","0","0","1","https://twitter.com/andijumawi01ie/status/1789911239788838979","1454830541300125703","andijumawi01ie"
"1758290260986036624","Mon May 13 06:45:27 +0000 2024","0","@gibran_tweet https://t.co/5bw6wvpARo mas kebetulan bapak Jokowi nya lagi di Kendari tolong mas kasi tau kalau berkunjung Jagan di kota saja di pinggir nya jg mas bupati sama Pemda setempat tutup telinga masyarakat kesusahan harus naik rakit buat menyebrang jalan in ini dikonawe Utara ","1789909808167944700","","gibran_tweet","in","","0","2","0","https://twitter.com/Wijaya2333367/status/1789909808167944700","1385364900063547395","Wijaya2333367"
"1789908255424094246","Mon May 13 06:39:17 +0000 2024","0","Kendari 13/5 --- Penandatanganan Nota Kesepahaman (NK) bersama RSUD Bahtetamas Prov Sultra &amp; Letter of Operational Coordination Agreement (Loca) bersama Unit Penyelenggara Bandar Udara (UPBU) Halu Oleo #basarnas #basarnaskendari https://t.co/fm4WazIqAu","1789908255424094246","https://pbs.twimg.com/media/GNcICaPaQAAKGtm.jpg","","in","Kendari, South East Sulawesi","0","0","0","https://twitter.com/basarnaskendari/status/1789908255424094246","64952760","basarnaskendari"
"1789908149006123167","Mon May 13 06:38:52 +0000 2024","0","Optimalkan Penyelenggaraan Operasi SAR KPP Kendari Melaksanakan LOCA dan MoU https://t.co/Pvt6Ujw75r","1789908149006123167","","","in","","0","0","0","https://twitter.com/sultracknews/status/1789908149006123167","1747359909816291328","sultracknews"
"1789906684225183989","Mon May 13 06:33:03 +0000 2024","1","Momen M QODARI Perdana Ikut PRESIDEN JOKOWI Blusukan ! Diajak Nge-Mall di Kendari Sapa Ratusan Warga Aku tak pernah mendukung dan memilih beliau. Faktanya lebih banyak rakyat yang mencintai beliau yang tenang humble apa adanya. https://t.co/SRZvDYZM5a lewat @YouTube","1789906684225183989","","","in","","0","1","0","https://twitter.com/Kimberley_PS08/status/1789906684225183989","1334544700917727234","Kimberley_PS08"
"1789904061715693595","Mon May 13 06:22:37 +0000 2024","0","Kendari 6-7 Mei 2024 | Bertempat di Same Hotel Kendari Panitera bapak Abd. Jabbar S. Ag Panitera Muda Hukum bapak Apit Butsiyana S.H &amp; Jurusita PA Wangi Wangi bapak Joko Santoso mengikuti kegiatan Bimbingan Teknis Kepaniteraan Pengadilan Agama Sewilayah Hukum PTA Kendari 2024. https://t.co/CndngsZnTt","1789904061715693595","https://pbs.twimg.com/media/GNcEQesbkAAr65T.jpg","","in","Wakatobi, Indonesia","0","0","0","https://twitter.com/PWangiwangi/status/1789904061715693595","1377899642583588870","PWangiwangi"
"1789848125525442801","Mon May 13 06:09:05 +0000 2024","0","@cupapimunyenyoq @tanyakanrl halo kakkk sa d kendari jg sini mi mutualan","1789900653805912088","","cupapimunyenyoq","in","","0","1","0","https://twitter.com/kikahhz/status/1789900653805912088","1290652225820385280","kikahhz"
"1789848125525442801","Mon May 13 06:08:09 +0000 2024","0","@tanyakanrl kendari ndada kahh?","1789900418845155455","","tanyakanrl","in","","0","0","0","https://twitter.com/kikahhz/status/1789900418845155455","1290652225820385280","kikahhz"
"1789897729373622449","Mon May 13 05:57:28 +0000 2024","1","OUTCAL/INCAL WA CEK DI BIO #pijatkendari #kendaripijat #availkendari #bokendari #pijatpriakendari https://t.co/Q5REbjt2A6","1789897729373622449","https://pbs.twimg.com/media/GNb-f8raIAABpWJ.jpg","","in","","0","0","0","https://twitter.com/asligunes345/status/1789897729373622449","970437013659779073","asligunes345"
"1789897723962880147","Mon May 13 05:57:26 +0000 2024","1","Kendari 13/05 -- Penandatanganan LOCA antara KPP Kendari dengan UPBU Haluoleo dan Penandatanganan MOU antara KPP Kendari dengan RSUD Bahteramas #basarnaskendari #rsudbahteramas #bandarahaluoleo https://t.co/PgkZKBWTSR","1789897723962880147","https://pbs.twimg.com/media/GNb-fjdacAA7btd.jpg","","in","kendari","0","0","0","https://twitter.com/HumasSARKendari/status/1789897723962880147","712502824030965760","HumasSARKendari"
"1789897693420040474","Mon May 13 05:57:19 +0000 2024","1","OUTCAL/INCAL WA CEK DI BIO #pijatkendari #kendaripijat #availkendari #bokendari #pijatpriakendari https://t.co/PuDP3QrnIo","1789897693420040474","https://pbs.twimg.com/media/GNb-dzaa4AAwRDf.jpg","","in","","0","0","0","https://twitter.com/asligunes345/status/1789897693420040474","970437013659779073","asligunes345"
"1789895470606700720","Mon May 13 05:48:29 +0000 2024","0","https://t.co/VyTtwQvUXJ Jokowi disambut ribuan warga saat kunjungi Mall The Park Kendari","1789895470606700720","","","in","Jl. RTA Milono Km 2,5 Palangka","0","0","0","https://twitter.com/Antara_Kalteng/status/1789895470606700720","2421788773","Antara_Kalteng"
"1789887122263925153","Mon May 13 05:15:19 +0000 2024","0","Kepala Kantor Imigrasi Kelas I TPI Kendari beserta jajaran mengucapkan Selamat Memperingati Hari Kenaikan Yesus Kristus https://t.co/Kj7UPjweN3","1789887122263925153","https://pbs.twimg.com/media/GNb01cXaUAAWz4w.jpg","","in","Kota Kendari, Sulawesi Tenggar","0","0","0","https://twitter.com/imigrasikendari/status/1789887122263925153","2978424582","imigrasikendari"
"1789886120622182470","Mon May 13 05:11:20 +0000 2024","1","Aku balik ke Kendari dulu yaa rhelll see u di event selanjutnya shengg (sehat¬≤ ya luu jangan srat srot lagi) https://t.co/URKFcmhnfs","1789886120622182470","https://pbs.twimg.com/media/GNbz7PpasAASbSG.jpg","","in","nowhere","0","0","0","https://twitter.com/rapleey0i/status/1789886120622182470","1689071969587912704","rapleey0i"
"1789885823174725961","Mon May 13 05:10:09 +0000 2024","0","READY BUAT PIJAT TANYA HARGA LANGSUNG KE WA CEK DO BIO #pijatkendari #availkendari #gaykendari #bokendari https://t.co/UuCDlWQZgL","1789885823174725961","https://pbs.twimg.com/media/GNbzq31bMAArte8.jpg","","in","","0","0","0","https://twitter.com/ZayasSheil49958/status/1789885823174725961","1769709069416251392","ZayasSheil49958"
"1789879579131199880","Mon May 13 05:07:45 +0000 2024","1","@hyraiora kdi tuh kendari sayangg","1789885221355086191","","hyraiora","in","ig : jaeleocky","0","1","0","https://twitter.com/jaeleocky/status/1789885221355086191","1438832396804112385","jaeleocky"
"1789882438354604371","Mon May 13 04:56:42 +0000 2024","0","Coba suruh djarot itung sudah berapa kali Presiden #Jokowi üáÆüá© ke Kendari Sulawesi Tenggara. Siapa tau dia bunyi abuse of power. https://t.co/oatSRlWcTy","1789882438354604371","https://pbs.twimg.com/ext_tw_video_thumb/1789882396491571200/pu/img/kY-v2GOBocPskS5V.jpg","","in","","0","0","0","https://twitter.com/KerjaHasil_id/status/1789882438354604371","1405723264710709248","KerjaHasil_id"
"1789881430056530041","Mon May 13 04:52:41 +0000 2024","0","Hiks Bos aku mau ikut aku ke Kendari ga asik banget ga bebas ","1789881430056530041","","","in","Jakarta Utara, DKI Jakarta","0","0","0","https://twitter.com/torturedqueen/status/1789881430056530041","1319822098538262528","torturedqueen"
"1789879711524352326","Mon May 13 04:45:52 +0000 2024","0","Kerukunan Keluarga Wakatobi Siap Gelar Halal Bihalal di Kendari BACA SELENGKAPNYA DISINI ‚¨áÔ∏è‚¨áÔ∏è‚¨áÔ∏è https://t.co/0TOZNRMG8P","1789879711524352326","","","in","Indonesia","0","0","0","https://twitter.com/telisik_id/status/1789879711524352326","1234774867704049664","telisik_id"
"1789868633948065794","Mon May 13 04:01:51 +0000 2024","0","Ribuan Siswa SMA di Kota Kendari Berbaris di Jalan Sambut Presiden Jokowi BACA SELENGKAPNYA DISINI ‚¨áÔ∏è‚¨áÔ∏è‚¨áÔ∏è https://t.co/aC2ZEl5XpS","1789868633948065794","","","in","Indonesia","0","0","0","https://twitter.com/telisik_id/status/1789868633948065794","1234774867704049664","telisik_id"
"1789867377594642833","Mon May 13 03:56:51 +0000 2024","0","Area kota Kendari kacamata KIR terima panggilan untuk pengukuran WA 085316131709 https://t.co/TUVsy59L5F","1789867377594642833","https://pbs.twimg.com/media/GNbi4bTbsAAmXbs.jpg","","in","","0","0","0","https://twitter.com/Indaenda1/status/1789867377594642833","1404482753949691906","Indaenda1"
"1789848125525442801","Mon May 13 03:54:32 +0000 2024","2","@tanyakanrl Sebenarnya susah nyari yang se-dom di sini tapi Kendari ada ji kendari????","1789866792787079523","","tanyakanrl","in","","0","1","0","https://twitter.com/SoomanMenantu/status/1789866792787079523","1601082931677900801","SoomanMenantu"
"1789865608646922538","Mon May 13 03:49:49 +0000 2024","0","Minggu Malam Presiden Jokowi Sapa Warga Kendari dan Santap Nasi Goreng https://t.co/wWBzNMPQ9T via @nawacit4","1789865608646922538","","","in","","0","0","0","https://twitter.com/nawacitamedia/status/1789865608646922538","3158354773","nawacitamedia"
"1789865541550690457","Mon May 13 03:49:33 +0000 2024","0","Minggu Malam Presiden Jokowi Sapa Warga Kendari dan Santap Nasi Goreng https://t.co/qcBf7rMBoh via @nawacit4","1789865541550690457","","","in","Jakarta","0","0","0","https://twitter.com/nawacitadotco/status/1789865541550690457","1667231432","nawacitadotco"
"1789865421606117799","Mon May 13 03:49:05 +0000 2024","0","Minggu Malam Presiden Jokowi Sapa Warga Kendari dan Santap Nasi Goreng https://t.co/fDXeYPkzeO via @nawacit4","1789865421606117799","","","in","Bali, Indonesia","0","0","0","https://twitter.com/NAWACIT4/status/1789865421606117799","731393598797701125","NAWACIT4"
"1789864537757306962","Mon May 13 03:45:34 +0000 2024","1","READY BUAT PIJAT TANYA HARGA LANGSUNG KE WA CEK DO BIO #pijatkendari #availkendari #gaykendari #bokendari #gigolokendari #pijatpriakendari https://t.co/ofVl9c3T2J","1789864537757306962","https://pbs.twimg.com/media/GNbgTl-bAAArVUU.jpg","","in","Kendari, Indonesia","0","0","0","https://twitter.com/Bieber00Amelia/status/1789864537757306962","938723941","Bieber00Amelia"
"1789848125525442801","Mon May 13 03:40:38 +0000 2024","19","@tanyakanrl pasti yg kendari jarang bgt","1789863296847290442","","tanyakanrl","in","","0","2","0","https://twitter.com/cupapimunyenyoq/status/1789863296847290442","1682703891132215296","cupapimunyenyoq"
"1789858963196170510","Mon May 13 03:23:25 +0000 2024","0","Ribuan siswa di Kendari berjejer di sepanjang jalan protokol saat kendaraan Presiden Jokowi melintas. #Kendari #presidenjokowi #SulawesiTenggara https://t.co/xd8gF8RIR2","1789858963196170510","","","in","Sulawesi Tengah, Indonesia","0","0","0","https://twitter.com/gemasulawesi/status/1789858963196170510","1085760348798410753","gemasulawesi"
"1789854050734731383","Mon May 13 03:03:54 +0000 2024","0","Presiden Jokowi Sapa masyarakat dan Santap Nasi Goreng di Kendari https://t.co/O04rJwbqrb","1789854050734731383","","","in","Jakarta","0","1","0","https://twitter.com/jawapos/status/1789854050734731383","2392460208","jawapos"
"1789849929155850476","Mon May 13 02:47:31 +0000 2024","0","Presiden Jokowi makan nasi goreng di di salah satu mal Kendari Sulawesi Tenggara pada Minggu (12/5) malam. Kedatangan Jokowi membuat warga yang berada di mal menjadi heboh. #IDNTimesNews https://t.co/IxGUTMuBZx https://t.co/2NWhPr9CXW","1789849929155850476","https://pbs.twimg.com/ext_tw_video_thumb/1789849315906891776/pu/img/UdF8zR9swq242OME.jpg","","in","","0","0","0","https://twitter.com/IDNTimes/status/1789849929155850476","388190238","IDNTimes"
"1789849893629985256","Mon May 13 02:47:23 +0000 2024","0","Solusi handal untuk efektif manajemen proyek Tomps Project hadir untuk bikin sistem manajemen ta lebih efektif instagram @indibiz.care 1500 250 Ext 5 #Indibiz #CiptakanPeluangWujudkanHarapan #EkosistemSolusiDuniaUsahalndonesia #bisnisowner #Sultra #Kendari #Tomps #Properti https://t.co/NsUYOtpweH","1789849893629985256","https://pbs.twimg.com/ext_tw_video_thumb/1789849381015113728/pu/img/CL76Ss5QCeH8j9nW.jpg","","in","sulawesi tenggara","0","0","0","https://twitter.com/Indibiz_sultra/status/1789849893629985256","1672286670300024832","Indibiz_sultra"
"1789847219949928527","Mon May 13 02:36:45 +0000 2024","1","#SahabatBahari Ayo segera daftar dan lengkapi persyaratan PENTARU KKP 2024 untuk bergabung bersama di Politeknik AUP! PPDB Politeknik AUP dan satuan pendidikan tinggi vokasi di lingkungan KKP lainnya silahkan Kunjungi website pada link berikut : https://t.co/P7Ynarc0uj","1789847219949928527","","","in","Kendari, Indonesia","0","0","0","https://twitter.com/ppskendari1/status/1789847219949928527","778132314647822336","ppskendari1"
"1789845389673214401","Mon May 13 02:29:29 +0000 2024","1","Presiden Republik Indonesia (RI) Joko Widodo mengunjungi salah satu pusat perbelanjaan di Kota Kendari Minggu (12/5/2024) malam. Ditempat itu ia membagikan kaos bergambarkan karikatur wajahnya. https://t.co/f9JkPhEzAD","1789845389673214401","","","in","Kota Kendari, Sulawesi Tenggar","0","0","0","https://twitter.com/Kendarinformasi/status/1789845389673214401","987881287896649728","Kendarinformasi"
"1789843667487731834","Mon May 13 02:22:38 +0000 2024","0","Salah satu warga Kendari bernama Yudha (25) berkesempatan melakukan swafoto dengan Presiden Republik Indonesia (RI) saat berkunjung ke salah satu mall di Kendari Minggu (12/5/2024) malam. https://t.co/R3PmwmhoGb","1789843667487731834","","","in","Kota Kendari, Sulawesi Tenggar","0","0","0","https://twitter.com/Kendarinformasi/status/1789843667487731834","987881287896649728","Kendarinformasi"
"1789838500004569117","Mon May 13 02:02:10 +0000 2024","0","Kegiatan wawancara ini direncanakan akan berakhir pada tanggal 13 Mei 2024 yang kemudian menetapkan 55 Anggota PPK yang tersebar di 11 Kecamatan. #KPUMelayani #PilkadaSerentak2024 https://t.co/bKYTqJ1JsJ","1789838516534272062","https://pbs.twimg.com/media/GNbInz-a0AAU3sR.jpg","KendariKpu","in","Jl.Chairil Anwar No.10 ","0","0","0","https://twitter.com/KendariKpu/status/1789838516534272062","1251752036581863425","KendariKpu"
"1789838500004569117","Mon May 13 02:02:09 +0000 2024","0","Pelaksanaan Selesksi wawancara ini menghadirkan peserta seleksi sebanya 60 peserta yang tersebar di 4 Kecamatan yang mana dihari sebelumnya telah diikuti 60 peserta. https://t.co/GWWUkrWp9f","1789838509961863173","https://pbs.twimg.com/media/GNbIkh6bcAAC5tg.jpg","KendariKpu","in","Jl.Chairil Anwar No.10 ","0","1","0","https://twitter.com/KendariKpu/status/1789838509961863173","1251752036581863425","KendariKpu"
"1789838500004569117","Mon May 13 02:02:07 +0000 2024","0","untuk Pemilihan Gubernur dan Wakil Gubernur Walikota dan Wakil Walikota Kendari Tahun 2024 Hari Kedua di Hotel Zahra Kendari (12/05/2024).","1789838505171927051","","KendariKpu","in","Jl.Chairil Anwar No.10 ","0","1","0","https://twitter.com/KendariKpu/status/1789838505171927051","1251752036581863425","KendariKpu"
"1789838500004569117","Mon May 13 02:02:06 +0000 2024","0","#TemanPemilih Ketua dan Anggota KPU Kota Kendari Jumwal Shaleh La Ode Hermanto Arwah Hans A. Rompas dan Ahmad Segati Firihu melaksanakan kegiatan Wawancara Calon Anggota Panitia Pemilihan Kecamatan (PPK) https://t.co/lHA6Y86rPt","1789838500004569117","https://pbs.twimg.com/media/GNbId_NbAAA13B9.jpg","","in","Jl.Chairil Anwar No.10 ","0","1","0","https://twitter.com/KendariKpu/status/1789838500004569117","1251752036581863425","KendariKpu"
"1789826919908700266","Mon May 13 01:16:05 +0000 2024","0","MENERIMA PIJAT ++ DAERAH KENDARI INCALL / OUTCALL COD / BAYAR DI TEMPAT CEK WA DI BIO #pijatkendari #pijatpriakendari #gaykendari #BOkendari #gigolokendari https://t.co/EdX0htIove","1789826919908700266","https://pbs.twimg.com/media/GNa-GBQaAAAZKYi.jpg","","in","","0","0","0","https://twitter.com/Sisilia98784218/status/1789826919908700266","1762444521902927872","Sisilia98784218"
"1789826674856485041","Mon May 13 01:15:07 +0000 2024","0","Presiden Jokowi menyambangi Mal di Kendari https://t.co/TFesDioOi3","1789826674856485041","","","in","iNews Tower","0","0","0","https://twitter.com/officialinews_/status/1789826674856485041","132078023","officialinews_"
"1789826538218590437","Mon May 13 01:14:34 +0000 2024","0","Di Kendari Minggu Malam Presiden Jokowi Sapa Warga dan Santap Nasi Goreng https://t.co/m3bgBBdEUE","1789826538218590437","","","in","Sulawesi Tenggara, Indonesia","0","0","0","https://twitter.com/penasultra_id/status/1789826538218590437","1388567274","penasultra_id"
"1789494949207302194","Mon May 13 01:07:48 +0000 2024","0","@tang__kira Ini pake modus mampir ke hotel aku boleh? kayak si botak dari Kendari. Meresahkan","1789824834442035606","","tang__kira","in","","0","0","0","https://twitter.com/Yhuta4/status/1789824834442035606","1133052837167026176","Yhuta4"
"1789819902154735638","Mon May 13 00:48:12 +0000 2024","11","Minggu Malam Presiden Jokowi Sapa Warga Kendari dan Santap Nasi Goreng. Dalam kunjungan tidak terjadwalnya Presiden Joko Widodo menyapa warga Kota Kendari Provinsi Sulawesi Tenggara di pusat perbelanjaan The Park pada Minggu malam 12 Mei 2024. Kehadiran Presiden Jokowi yang https://t.co/c5OB2D3dre","1789819902154735638","https://pbs.twimg.com/media/GNa3s_maQAArI43.jpg","","in","Jakarta Pusat, DKI Jakarta","0","0","1","https://twitter.com/kangdede78/status/1789819902154735638","235931838","kangdede78"
"1789819760122708287","Mon May 13 00:47:38 +0000 2024","1","Apapun alasannya narkoba bukanlah pilihan sebagai teman untuk berkarya. Begadang? Jika lelah ya kita butuh tidur! Bukan Shabu! Aktif dan energik? Kita butuh makanan dan pola hidup yang sehat! Bukan ganja ataupun ekstasi! Frustasi dan kesepian? Kita butuh Tuhan! Bukan narkoba!! https://t.co/fey7kA6C1v","1789819760122708287","https://pbs.twimg.com/media/GNa3gpqboAACaeg.jpg","","in","Kendari, Indonesia","0","0","0","https://twitter.com/BnnKendari/status/1789819760122708287","1189355043176120320","BnnKendari"
"1789817304575799370","Mon May 13 00:37:53 +0000 2024","0","Dalam kunjungan tidak terjadwalnya Presiden Joko Widodo menyapa warga Kota Kendari Provinsi Sulawesi Tenggara di pusat perbelanjaan The Park pada Minggu malam 12 Mei 2024. Kehadiran Presiden Jokowi yang tiba sekitar pukul 19.00 WITA. https://t.co/DN5pAiYXhI","1789817304575799370","","","in","","0","0","0","https://twitter.com/SultraPpid/status/1789817304575799370","1430429308120494080","SultraPpid"
"1789813098208952542","Mon May 13 00:21:10 +0000 2024","0","Presiden Joko Widodo (Jokowi) mengunjungi Pusat Perbelanjaan The Park di Kendari Sulawesi Tenggara bersama para menteri pada Minggu malam. Warga sangat antusias menyambut kedatangan Jokowi. https://t.co/2zznbDXZBY","1789813098208952542","","","in","","0","0","0","https://twitter.com/tinusflip/status/1789813098208952542","704238913158782977","tinusflip"
"1789807632573739076","Sun May 12 23:59:27 +0000 2024","6","Presiden Joko Widodo (Jokowi) mengunjungi Pusat Perbelanjaan The Park di Kendari Sulawesi Tenggara bersama para menteri pada Minggu malam. https://t.co/dQIawPGv0Y","1789807632573739076","","","in","","0","4","1","https://twitter.com/detikcom/status/1789807632573739076","69183155","detikcom"
"1789802485022138426","Sun May 12 23:39:00 +0000 2024","1","Koridor RSUD Kendari Minim Penerangan dan Bangku Pembesuk *BACA SELENGKAPNYA DISINI* ‚¨áÔ∏è‚¨áÔ∏è‚¨áÔ∏è https://t.co/4rTIfKLA6U","1789802485022138426","","","in","Indonesia","0","0","0","https://twitter.com/telisik_id/status/1789802485022138426","1234774867704049664","telisik_id"
"1789619876975505867","Sun May 12 23:35:59 +0000 2024","1","@orchidpoison Familymart ga mau buka di kendari kh? @FamilyMart_ID","1789801728097001732","","orchidpoison","in","Indonesia","0","0","0","https://twitter.com/heiituu/status/1789801728097001732","79870320","heiituu"
"1789790340914045410","Sun May 12 22:50:44 +0000 2024","1","Presiden Jokowi menyapa masyarakat di sela kunjungan kerjanya di Kendari serta membagikan kaos di Mall The Park Kendari. #presidenjokowi #Kendari #SulawesiTenggara https://t.co/IwDxtWt3u4","1789790340914045410","","","in","Sulawesi Tengah, Indonesia","0","0","0","https://twitter.com/gemasulawesi/status/1789790340914045410","1085760348798410753","gemasulawesi"
"1789776693625749989","Sun May 12 21:56:30 +0000 2024","0","Midnight thoughts Suami gue pernah kerja ditambang di kendari pernah ngurusin event keliling indo jg bahkan di tahun 2017-2019 gaji dia 2 digit. Gatau diotak dia apa dulu sampe tahun ini jadi separah ini. Mau bilang idup ga adil jatuh guling2 keinjek sampe titik ini tapi..","1789776693625749989","","","in","","0","1","0","https://twitter.com/ichahaho/status/1789776693625749989","869938873480105984","ichahaho"
"1789724723699687709","Sun May 12 18:30:00 +0000 2024","3","Presiden Joko Widodo membagikan baju kaos berwarna hitam kepada para pengunjung Mall The Park Kendari saat melakukan kunjungan kerja. https://t.co/pmGh6Rjkv6","1789724723699687709","","","in","NKRI","0","0","0","https://twitter.com/antaranews/status/1789724723699687709","18071520","antaranews"
"1789313084177436964","Sun May 12 16:29:11 +0000 2024","0","Kendari https://t.co/GT6rOcKtnO","1789694321555616221","https://pbs.twimg.com/media/GNZFfvSa0AAJ1q_.jpg","isrlstr","in","","0","0","0","https://twitter.com/isrlstr/status/1789694321555616221","251514498","isrlstr"
"1789562387663872492","Sun May 12 16:29:05 +0000 2024","0","@antaranews Keknya lintingan om albert dr kendari nih dirjen nya","1789694293000827187","","antaranews","in","","0","0","0","https://twitter.com/Arfannn1/status/1789694293000827187","979002399275679744","Arfannn1"
"1789688934194405558","Sun May 12 16:07:47 +0000 2024","1","Ready pijat pria dan wanita privasi dijamin aman #pijatkendari #gaykendari #gigolokendari #pijatpriakendari https://t.co/NxomqPyGhn","1789688934194405558","https://pbs.twimg.com/media/GNZAmfYaMAAnRwq.jpg","","in","","0","0","0","https://twitter.com/msg_kendari28/status/1789688934194405558","767648668065210368","msg_kendari28"
"1789683850723098724","Sun May 12 15:47:35 +0000 2024","1","Kendari 12/05 -- PAM VVIP RI 1 dalam kunjungan kerja di Provinsi Sulawesi Tenggara #haripertama #basarnaskendari #rescuer304 #humassar304 https://t.co/FxR4kalHBu","1789683850723098724","https://pbs.twimg.com/media/GNY7-chaIAA9T0x.jpg","","in","kendari","0","0","0","https://twitter.com/HumasSARKendari/status/1789683850723098724","712502824030965760","HumasSARKendari"
"1789668807927337400","Sun May 12 14:47:48 +0000 2024","0","Duhh liat d story orgorg yg asik berfoto bersama RI 1 berarti Kendari Lge rame donk @Me sayangx aku di Makassar Cobax di Kendari pasti SDH ku terobos pa*pampr*s biar ketemu My Presiden üáÆüá©","1789668807927337400","","","in","Indonesia ","0","0","0","https://twitter.com/TDjorgi/status/1789668807927337400","3303912278","TDjorgi"
"1789666842404872368","Sun May 12 14:40:00 +0000 2024","0","Pj Gubernur Sultra Andap Budhi Revianto menyambut kedatangan Presiden Jokowi setiba di Kendari untuk melakukan kunjungan kerja selama tiga hari https://t.co/oaLseyheXm","1789666842404872368","","","in","iNews Tower","0","0","0","https://twitter.com/officialinews_/status/1789666842404872368","132078023","officialinews_"
"1789633949326782537","Sun May 12 14:25:19 +0000 2024","0","@Rahmat_Untung06 search sja d maps toko bintang kendari d sekitaran situ menjual lupaka namanya wkwk","1789663148888478041","","Rahmat_Untung06","in","bisa dimana aja","0","1","0","https://twitter.com/fvckmetzy/status/1789663148888478041","1321445845","fvckmetzy"
"1789652012210229661","Sun May 12 13:41:04 +0000 2024","0","Jokowi Sapa Ribuan Pengunjung The Park Mall Kota Kendari BACA SELENGKAPNYA DISINI ‚¨áÔ∏è‚¨áÔ∏è‚¨áÔ∏è https://t.co/ZxcEZ8u11E","1789652012210229661","","","in","Indonesia","0","0","0","https://twitter.com/telisik_id/status/1789652012210229661","1234774867704049664","telisik_id"
"1789644944266989940","Sun May 12 13:39:19 +0000 2024","0","@bitiesfess Kendari hadir","1789651570092920921","","bitiesfess","in","jinhit","0","0","0","https://twitter.com/TheAstronaut79/status/1789651570092920921","1701407521918107648","TheAstronaut79"
"1789651464828387801","Sun May 12 13:38:53 +0000 2024","0","Tiba di Kendari Presiden Jokowi Menginap di Hotel Claro Malam Ini BACA SELENGKAPNYA DISINI ‚¨áÔ∏è‚¨áÔ∏è‚¨áÔ∏è https://t.co/hl86mI087j","1789651464828387801","","","in","Indonesia","0","0","0","https://twitter.com/telisik_id/status/1789651464828387801","1234774867704049664","telisik_id"
"1789642973631873087","Sun May 12 13:05:09 +0000 2024","0","Presiden Joko Widodo mengunjungi Mall The Park Kendari dan disambut oleh ribuan warga Kota Kendari Sulawesi Tenggara. Pantauan ANTARA Mall The Park Kendari mulai dipadati oleh ribuan warga untuk melihat langsung orang nomor satu di Indonesia itu. https://t.co/ca7W2wrENq","1789642973631873087","","","in","NKRI","0","0","0","https://twitter.com/antaranews/status/1789642973631873087","18071520","antaranews"
"1789640975201321415","Sun May 12 12:57:13 +0000 2024","0","pada akhirnya semua akan ketemu d kendari","1789640975201321415","","","in","bisa dimana aja","0","0","0","https://twitter.com/fvckmetzy/status/1789640975201321415","1321445845","fvckmetzy"
"1789640564440482276","Sun May 12 12:55:35 +0000 2024","0","Ribuan masyarakat memadati Mall The Park Kendari untuk menemui Presiden Republik Indonesia (RI) Joko Widodo Minggu (12/5/2024) malam. https://t.co/BQM0uvn7Ns","1789640564440482276","","","in","Kota Kendari, Sulawesi Tenggar","0","0","0","https://twitter.com/Kendarinformasi/status/1789640564440482276","987881287896649728","Kendarinformasi"
"1789634126791741766","Sun May 12 12:30:00 +0000 2024","0","Sosok Jiah Youtuber Cantik Dari Korsel Yang Diajak ke Hotel Oleh Pria Diduga Pejabat Dari Kendari https://t.co/MGPqtHS1j9","1789634126791741766","","","in","","0","0","0","https://twitter.com/radaraktual/status/1789634126791741766","853782937782714368","radaraktual"
"1789633949326782537","Sun May 12 12:29:17 +0000 2024","0","Info penjual pangsit enak di Kendari","1789633949326782537","","","in","","0","2","0","https://twitter.com/Rahmat_Untung06/status/1789633949326782537","373426982","Rahmat_Untung06"
"1789627467436806212","Sun May 12 12:03:32 +0000 2024","0","Halo min @indosatim3 mohon dibantu untuk lokasi langi bajo kendari paket data masih ada. Tetapi datanya tanda silang. Jadi tidak bisa internetan. https://t.co/Mu3QfMSxLq","1789627467436806212","https://pbs.twimg.com/media/GNYIr3obQAA5bTW.jpg","","in","Jakarta Capital Region","0","0","0","https://twitter.com/astrea_red/status/1789627467436806212","1007660975393103872","astrea_red"
"1789626256750952490","Sun May 12 11:58:43 +0000 2024","0","Smart Upgrade Festival Kalla Toyota Hadir di Kendari Tawarkan Promo Menarik https://t.co/Dgbfbd2xyl","1789626256750952490","","","in","Sulawesi Tenggara, Indonesia","0","0","0","https://twitter.com/penasultra_id/status/1789626256750952490","1388567274","penasultra_id"
"1789612978037555233","Sun May 12 11:05:58 +0000 2024","0","emang sesusah itu ya nyari driver buat mesen makan di kendari? dicancel mulu drtd ","1789612978037555233","","","in","Jakarta, Indonesia","0","0","0","https://twitter.com/rarahels/status/1789612978037555233","157566734","rarahels"
"1789599415373857258","Sun May 12 10:12:04 +0000 2024","0","Selamat datang di Kota Kendari Pak Presiden Jokowi @jokowi untuk kesekian kalinya. https://t.co/taki7n5JZT","1789599415373857258","https://pbs.twimg.com/media/GNXvLPUaMAAaGYv.jpg","","in","Kota Kendari, Sulawesi Tenggar","0","1","0","https://twitter.com/bung_zulzaman/status/1789599415373857258","2223403536","bung_zulzaman"
"1789472170252611699","Sun May 12 10:11:29 +0000 2024","0","@aminoto7 @CNNIndonesia udh banyak bertebaran di IG klo om Albert ini terkenal di tempat2 spa Kendari krn keroyalannya panggilannya Dabo alias Damuna botak.","1789599266991997130","","aminoto7","in","","0","1","0","https://twitter.com/jump2nov/status/1789599266991997130","848789813952040960","jump2nov"
"1789591562701471897","Sun May 12 09:56:06 +0000 2024","0","@key_zioo Sinilah main2 ke kendari dsni banyak ulat sagu kesukaan mu ","1789595398258188754","","key_zioo","in","yujin, kkura, ella","0","1","0","https://twitter.com/emezinc/status/1789595398258188754","1160005922913054720","emezinc"
"1789594572903133549","Sun May 12 09:54:42 +0000 2024","0","@zerosearea 120k all exc pack 5k dom Sulawesi kendari https://t.co/DLJnmCkW7i","1789595045341106438","https://pbs.twimg.com/media/GNXrNTfa4AAfBiO.jpg","zerosearea","in","Kendari, Sulawesi TenggaraüáÆüá©","0","0","0","https://twitter.com/architecturrei/status/1789595045341106438","1544382983142260736","architecturrei"
"1789585510480142610","Sun May 12 09:53:23 +0000 2024","0","@emezinc Weeee nda main-main ja. Jangan sembarang bombe mau ka ke Kendari tanggal 2 butuh ka di tampung","1789594712594403733","","emezinc","in","","0","1","0","https://twitter.com/Miedigoreng/status/1789594712594403733","1314724687205691394","Miedigoreng"
"1789590878530810312","Sun May 12 09:38:09 +0000 2024","0","Jasa Penerjemah Penterjemah Translator Tersumpah Online Bahasa Inggris Order Dari di KENDARI Untuk Keperluan Beasiswa Kuliah Studi Menikah Kerja Bisnis #penerjemahinggrisdiKendari #translatoringgrisdiKendari #pusatpenerjemah #pusatpenerjemahinggris https://t.co/TtYCCvkYz9","1789590878530810312","","","in","Jakarta Selatan, DKI Jakarta","0","0","0","https://twitter.com/Ppenerjemah/status/1789590878530810312","471123003","Ppenerjemah"
"1789582591756210596","Sun May 12 09:05:13 +0000 2024","1","Pelayanan Pertanahan Akhir Pekan PELATARAN #AHYMenteriATR #IndonesiaLengkap #ATRBPNKiniLebihBaik #ATRBPNMajudanModern #MelayaniProfesionalTerpercaya #SetiapKitaAdalahHumas #SetiapKitaAdalahAmbassador Repost @kementerian.atrbpn https://t.co/Tn0rxk5cn2","1789582591756210596","","","in","Kota Kendari, Sulawesi Tenggar","0","0","0","https://twitter.com/Kantah_kendari/status/1789582591756210596","1085168940567818245","Kantah_kendari"
"1789581626504294751","Sun May 12 09:01:23 +0000 2024","1","#AHYMenteriATR #IndonesiaLengkap #ATRBPNKiniLebihBaik #ATRBPNMajudanModern #MelayaniProfesionalTerpercaya #SetiapKitaAdalahHumas #SetiapKitaAdalahAmbassador #PelataranBPN #PertanahanSabtuMinggu @Kementerian ATRBPN @hermansaeri1 https://t.co/FWyLHPwnSz","1789581626504294751","","","in","Kota Kendari, Sulawesi Tenggar","0","0","0","https://twitter.com/Kantah_kendari/status/1789581626504294751","1085168940567818245","Kantah_kendari"
"1789577978072182804","Sun May 12 08:46:55 +0000 2024","0","Untuk jadwal Pelataran (Pelayanan Pertanahan Akhir Pekan) Kantor Pertanahan Kota Kendari dibuka pada setiap hari Sabtu dan Minggu jam 09:00-12:00 WITA. #AHYMenteriATR #ATRBPNKiniLebihBaik #ATRBPNMajudanModern #PelataranBPN #PertanahanSabtuMinggu","1789577986762817925","","kanwilbpnsultra","in","Jl. Abunawas no. 17 Kendari","0","0","0","https://twitter.com/kanwilbpnsultra/status/1789577986762817925","2919642200","kanwilbpnsultra"
"1789577978072182804","Sun May 12 08:46:53 +0000 2024","0","Halo #SobATRBPN Kota Kendari. Kantor Pertanahan Kota Kendari melalui Program Pelataran (Pelayanan Pertanahan Akhir Pekan) membuka pelayanan di akhir pekan bagi masyarakat yang ingin melakukan pengurusan administrasi pertanahan. Program ini diluncurkan agar dapat membantu https://t.co/r430ZH2bOX","1789577978072182804","https://pbs.twimg.com/media/GNXbrOYbIAA4J0X.jpg","","in","Jl. Abunawas no. 17 Kendari","0","1","0","https://twitter.com/kanwilbpnsultra/status/1789577978072182804","2919642200","kanwilbpnsultra"
"1789577721691185195","Sun May 12 08:45:52 +0000 2024","1","#AHYMenteriATR #IndonesiaLengkap #ATRBPNKiniLebihBaik #ATRBPNMajudanModern #MelayaniProfesionalTerpercaya #SetiapKitaAdalahHumas #SetiapKitaAdalahAmbassador #PelataranBPN #PertanahanSabtuMinggu @agusyudhoyono @kementerian.atrbpn @kanwilbpnsulawesitenggara https://t.co/7GpFXkZWUi","1789577721691185195","","","in","Kota Kendari, Sulawesi Tenggar","0","0","0","https://twitter.com/Kantah_kendari/status/1789577721691185195","1085168940567818245","Kantah_kendari"
"1789576628936532034","Sun May 12 08:41:31 +0000 2024","1","Halo #SobATRBPN Pelayanan Pertanahan Akhir Pekan (PELATARAN). #AHYMenteriATR #IndonesiaLengkap #ATRBPNKiniLebihBaik #ATRBPNMajudanModern #MelayaniProfesionalTerpercaya #SetiapKitaAdalahHumas #SetiapKitaAdalahAmbassador Repost @kementerian.atrbpn https://t.co/ALjdNG3vpY","1789576628936532034","","","in","Kota Kendari, Sulawesi Tenggar","0","0","0","https://twitter.com/Kantah_kendari/status/1789576628936532034","1085168940567818245","Kantah_kendari"
"1789575764008210553","Sun May 12 08:38:05 +0000 2024","0","Area kota Kendari kacamata KIR terima panggilan untuk pengukuran WA 085316131709 https://t.co/jZB2h3jMzb","1789575764008210553","https://pbs.twimg.com/media/GNXZqLMb0AA-iT0.jpg","","in","","0","0","0","https://twitter.com/Indaenda1/status/1789575764008210553","1404482753949691906","Indaenda1"
"1789560516173775111","Sun May 12 07:45:15 +0000 2024","0","@AraituLaki GajahBona dan dumbo belalainya masih enak suka menolong coba dabo kendari...beLALAInya werewerrr eweeerrrr cari2 kesempatan dibalik kemilau palkonnya ","1789562466814525705","","AraituLaki","in","hell lobby","0","0","0","https://twitter.com/arkhamclinic/status/1789562466814525705","1708049619232698368","arkhamclinic"
"1789559049551557120","Sun May 12 07:31:40 +0000 2024","0","Di kendari Sulawesi Tenggara Indonesia mereka membuatku gak bisa tidur sama sekali jadi aku terserang schizophrenia...","1789559049551557120","","","in","Surabaya","0","0","0","https://twitter.com/joglo81/status/1789559049551557120","3322013256","joglo81"
"1789557869454770670","Sun May 12 07:26:59 +0000 2024","0","MENERIMA PIJAT ++ DAERAH KENDARI INCALL / OUTCALL COD / BAYAR DI TEMPAT CEK WA DI BIO #pijatkendari #pijatpriakendari #gaykendari #BOkendari #gigolokendari https://t.co/d4HODQfbda","1789557869454770670","https://pbs.twimg.com/media/GNXJZaJb0AADglw.jpg","","in","","0","0","0","https://twitter.com/Sisilia98784218/status/1789557869454770670","1762444521902927872","Sisilia98784218"
"1789557635194524022","Sun May 12 07:26:03 +0000 2024","0","Halo #SobATRBPN Untuk jadwal Pelataran (Pelayanan Pertanahan Akhir Pekan) Kantor Pertanahan Kota Kendari dibuka pada setiap hari Sabtu dan Minggu jam 09:00-12:00 WITA. #PelataranBPN #PertanahanSabtuMinggu https://t.co/PwNRtva1o1","1789557635194524022","https://pbs.twimg.com/media/GNXJFxvaQAAlKIF.jpg","","in","","0","0","0","https://twitter.com/kantahkabkonawe/status/1789557635194524022","968332991322906624","kantahkabkonawe"
"1789556282959307038","Sun May 12 07:20:40 +0000 2024","0","Jadi di kendari aku di kerjai sekaligus.... Psikologi ku... Ilmu Hitam bully....","1789556282959307038","","","in","Surabaya","0","0","0","https://twitter.com/joglo81/status/1789556282959307038","3322013256","joglo81"
"1789550915927863347","Sun May 12 06:59:21 +0000 2024","0","If you see this tweet do it : 5 makanan paling enak - MIE AYAM SEKATEN KENDARI - tumis hati ikan buatan bunda - nasgor tomat buatan bunda - parende bolu buatan bunda - ikan masak kuah buatan oma","1789550915927863347","","","in","Land of Iron","0","1","0","https://twitter.com/milochocoblazz/status/1789550915927863347","1169071931309428736","milochocoblazz"
"1789542019221827705","Sun May 12 06:24:00 +0000 2024","0","ternyata aku di serang psikologi ku oleh orang orang kendari...","1789542019221827705","","","in","Surabaya","0","0","0","https://twitter.com/joglo81/status/1789542019221827705","3322013256","joglo81"
"1789539735633039594","Sun May 12 06:14:55 +0000 2024","1","OUTCAL/INCAL WA CEK DI BIO #pijatkendari #kendaripijat #availkendari #bokendari #pijatpriakendari #gaykendari https://t.co/BSp7vhVejZ","1789539735633039594","https://pbs.twimg.com/media/GNW45qDaIAAOHKP.jpg","","in","","0","0","0","https://twitter.com/asligunes345/status/1789539735633039594","970437013659779073","asligunes345"
"1789317066589421849","Sun May 12 06:11:26 +0000 2024","0","@faqihMukhamad1 Apkh anda org kendari","1789538858855739649","","faqihMukhamad1","in","Ó®Ä","0","0","0","https://twitter.com/vindazlle/status/1789538858855739649","1706470482684637184","vindazlle"
"1789537947676790808","Sun May 12 06:07:49 +0000 2024","0","Banyak jg ni yg ke kendari wkwk","1789537947676790808","","","in","","0","0","0","https://twitter.com/xkurniadwi/status/1789537947676790808","87370946","xkurniadwi"
